,mean_fit_time,std_fit_time,mean_score_time,std_score_time,param_NN__hidden_layer_sizes,param_NN__learning_rate,param_rp__n_components,params,split0_test_score,split1_test_score,split2_test_score,split3_test_score,split4_test_score,mean_test_score,std_test_score,rank_test_score,split0_train_score,split1_train_score,split2_train_score,split3_train_score,split4_train_score,mean_train_score,std_train_score
0,1.1666922569274902,0.4335860308095167,0.013294410705566407,0.00626981751734328,100,adaptive,2,"{'NN__hidden_layer_sizes': 100, 'NN__learning_rate': 'adaptive', 'rp__n_components': 2}",0.3969856511424339,0.37685765144947203,0.35802058929235625,0.3867579488927799,0.37770167652051584,0.37928051229691856,0.012893505023205899,93,0.38704563302620454,0.36713939583372657,0.37935113317328784,0.3991640840834833,0.3812244737984276,0.382784943983026,0.010444510542090637
1,0.8741925716400146,0.2739402154242856,0.00893101692199707,0.0013297096981692038,100,adaptive,3,"{'NN__hidden_layer_sizes': 100, 'NN__learning_rate': 'adaptive', 'rp__n_components': 3}",0.40777828414558936,0.36518478638339946,0.4075091700398648,0.3973424071332159,0.3806480633662445,0.3917102563237403,0.01653452135028431,90,0.41046300873549635,0.3796181760643836,0.4056681412797586,0.41484937534927474,0.39047804531033087,0.4002153493478488,0.013175437882488067
2,1.8877665519714355,1.2497058279087854,0.010210418701171875,0.002564482112060505,100,adaptive,4,"{'NN__hidden_layer_sizes': 100, 'NN__learning_rate': 'adaptive', 'rp__n_components': 4}",0.41243136748419307,0.4569829989437207,0.4201248502855666,0.4221433565010397,0.44867928489689013,0.4320479095781545,0.01746252059450255,82,0.4469139809812727,0.45588262897218906,0.45821357524982187,0.4631715474106386,0.4620130831065002,0.45723896314408446,0.005785888787389259
3,1.3675171852111816,0.5411930262407708,0.011505031585693359,0.0014556888217570738,100,adaptive,5,"{'NN__hidden_layer_sizes': 100, 'NN__learning_rate': 'adaptive', 'rp__n_components': 5}",0.489281934751931,0.46306214115246336,0.46216282135591874,0.45067044168912995,0.4492632198127648,0.4629311889059686,0.014384589211108507,80,0.5090949637308295,0.48515159457959767,0.5025794939166104,0.5025277932250287,0.46405141911262426,0.49268105291293807,0.016374996621362745
4,1.270967149734497,0.25524110226691277,0.02649531364440918,0.029560050053914672,100,adaptive,6,"{'NN__hidden_layer_sizes': 100, 'NN__learning_rate': 'adaptive', 'rp__n_components': 6}",0.5253926927020405,0.5488370294628471,0.5379077284716018,0.5312703827240701,0.5496342546943965,0.5385910140821643,0.0095454380983796,75,0.5842154541752306,0.5811436700706925,0.5676818084646197,0.5796951887129359,0.5709613820855213,0.5767395007017999,0.006315870853543873
5,1.4836270332336425,0.3551052523669835,0.013134050369262695,0.002887068865706832,100,adaptive,7,"{'NN__hidden_layer_sizes': 100, 'NN__learning_rate': 'adaptive', 'rp__n_components': 7}",0.5332268011403026,0.5987414620480787,0.5593572149031718,0.5316733796606588,0.5936985841852784,0.5633041280551893,0.028637178584575318,69,0.5721091066860543,0.6082442032285221,0.6260001344303746,0.6062913776026791,0.6062060038714854,0.6037701651638232,0.01748657197108961
6,1.1058866024017333,0.13855325743960445,0.011587858200073242,0.0035335423383020506,100,adaptive,8,"{'NN__hidden_layer_sizes': 100, 'NN__learning_rate': 'adaptive', 'rp__n_components': 8}",0.6473098915506817,0.6428232043785669,0.632965899909339,0.6334380519268035,0.6639597497439014,0.6440905141057979,0.01133314205955255,53,0.6686921082408065,0.6736381623429308,0.6840947034684309,0.6785392382387163,0.6781768240981124,0.6766282072777995,0.005171476682572348
7,0.9468953132629394,0.20043649775931596,0.010234451293945313,0.0012533023047535431,100,adaptive,9,"{'NN__hidden_layer_sizes': 100, 'NN__learning_rate': 'adaptive', 'rp__n_components': 9}",0.6071910768615795,0.643726290442038,0.6136393275032389,0.6261803801095888,0.6407563723785151,0.626270994647771,0.014418292733817041,64,0.663523675790468,0.6634841819207384,0.6708455629438937,0.6576420542515379,0.6839372548419651,0.6678865459497206,0.009052580767269518
8,1.2363605976104737,0.5005223073680827,0.009174394607543945,0.0020548163376186094,100,adaptive,10,"{'NN__hidden_layer_sizes': 100, 'NN__learning_rate': 'adaptive', 'rp__n_components': 10}",0.654309027217703,0.6434627928099157,0.6255365166445223,0.6362996004858794,0.590645153842244,0.6301077259781259,0.021805166297682293,63,0.6890201408092774,0.7004713278270889,0.6728428434500958,0.6636116122766622,0.6258431754849183,0.6703578199696085,0.025645061154688533
9,1.4863479137420654,0.31999295061140515,0.009373092651367187,0.003371508750055052,100,adaptive,15,"{'NN__hidden_layer_sizes': 100, 'NN__learning_rate': 'adaptive', 'rp__n_components': 15}",0.690251221437125,0.6914341238502161,0.6622717749213023,0.6635781660768406,0.6775210482700673,0.6770327872592331,0.012506085660865182,50,0.7503435899040871,0.751444167798214,0.7442230485523648,0.7527457139693279,0.73105151154297,0.7459616063533928,0.008007719856022642
10,1.2943541526794433,0.41433112703305497,0.009988164901733399,0.0033589873026132195,100,adaptive,20,"{'NN__hidden_layer_sizes': 100, 'NN__learning_rate': 'adaptive', 'rp__n_components': 20}",0.7394053451188506,0.7281553388755844,0.7153126684781164,0.700398863419781,0.7493897861231154,0.7265378749323013,0.017303020417305654,45,0.8174082302966541,0.793335170397434,0.7984603323286759,0.7556621359297648,0.7852309390495649,0.7900193616004187,0.020177921843356636
11,1.4483570098876952,0.41798406573720814,0.009082508087158204,0.0020098510551363725,100,adaptive,25,"{'NN__hidden_layer_sizes': 100, 'NN__learning_rate': 'adaptive', 'rp__n_components': 25}",0.7373902468992237,0.7590745795757913,0.7092765779210637,0.7526919683237844,0.7397804868538205,0.7396390004718814,0.01717637199363926,43,0.8153265251966357,0.8303010070443002,0.7810274697289286,0.8103852600154398,0.8384198631722487,0.8150920250315105,0.019789409902230312
12,1.4228349685668946,0.2761217424157616,0.008842849731445312,0.0013662559948035508,100,adaptive,30,"{'NN__hidden_layer_sizes': 100, 'NN__learning_rate': 'adaptive', 'rp__n_components': 30}",0.742263732295581,0.752368282301302,0.7470008468336011,0.7506770682781138,0.77001189482839,0.752440341484522,0.009426421276129745,37,0.8109664887573839,0.8342369696436274,0.8221107650900411,0.8319552470305634,0.8237078375683561,0.8245954616179944,0.008244217523236359
13,1.380033826828003,0.19270685182604586,0.011250972747802734,0.0046392525697458,100,adaptive,35,"{'NN__hidden_layer_sizes': 100, 'NN__learning_rate': 'adaptive', 'rp__n_components': 35}",0.7603497438798497,0.7457553523833992,0.7725079161001385,0.7555370354816101,0.7754125898106599,0.7618992172539023,0.01093717111858757,33,0.8680360423776248,0.8451540056513962,0.8697500264328176,0.8505263001934313,0.820158049750153,0.8507248848810847,0.01803905610681996
14,1.3501932621002197,0.33770904224601683,0.00839838981628418,0.0016690434662567234,100,adaptive,40,"{'NN__hidden_layer_sizes': 100, 'NN__learning_rate': 'adaptive', 'rp__n_components': 40}",0.7383921206992382,0.7713742353721453,0.7577782441972817,0.7619913408242204,0.7741722717778691,0.760709532996622,0.01269013533306029,35,0.830946069188227,0.8597042250105069,0.8390029063290626,0.8853195400601195,0.8810024554043849,0.8591950391984602,0.021744142905596058
15,1.5586297035217285,0.47358117669612465,0.01018834114074707,0.0016640738474994411,100,adaptive,45,"{'NN__hidden_layer_sizes': 100, 'NN__learning_rate': 'adaptive', 'rp__n_components': 45}",0.7465443768329455,0.7680301986019896,0.7396014240507541,0.7706129157318926,0.7813639356447166,0.7611967070109747,0.015636033528178776,34,0.8991447238555033,0.8122802268788647,0.8299151896152329,0.8660211432204591,0.83271097711241,0.848014452136494,0.030910386979920993
16,1.873106050491333,0.28215238299089124,0.011264276504516602,0.0022179313857802556,100,adaptive,50,"{'NN__hidden_layer_sizes': 100, 'NN__learning_rate': 'adaptive', 'rp__n_components': 50}",0.7667063919377242,0.793911410135456,0.7776531881476776,0.7839112509637041,0.7884630995193003,0.7821098372162458,0.00939356472989193,18,0.8874639879504362,0.9060300222787211,0.8900327739581896,0.9109271377417862,0.8689867328055361,0.8926881309469339,0.014877945407982068
17,1.3224238872528076,0.19162820932678237,0.013013172149658202,0.004672464907439948,100,adaptive,55,"{'NN__hidden_layer_sizes': 100, 'NN__learning_rate': 'adaptive', 'rp__n_components': 55}",0.7566930715225503,0.79902496006547,0.756351869740179,0.7691380709350194,0.7914452361134732,0.7745058321307168,0.01769071507772699,24,0.8507175343575352,0.8755514193997763,0.8389724509111154,0.8426829803731303,0.8775503377039039,0.8570949445490923,0.01634543006990607
18,1.9987991809844972,1.054175311176472,0.023683452606201173,0.0161347151722657,100,adaptive,60,"{'NN__hidden_layer_sizes': 100, 'NN__learning_rate': 'adaptive', 'rp__n_components': 60}",0.7609001353304885,0.7778992971973581,0.76249889713535,0.7874712546266673,0.7998739217239696,0.7776895097288281,0.014830688917432519,22,0.8683636430521373,0.8541304559823846,0.8921719295516471,0.8996756830321626,0.8647977509849439,0.8758278925206552,0.017227898615382858
19,1.808731985092163,0.5690045174224705,0.010399436950683594,0.0011934438355820868,200,adaptive,2,"{'NN__hidden_layer_sizes': 200, 'NN__learning_rate': 'adaptive', 'rp__n_components': 2}",0.3817616891542192,0.3804801077371056,0.3655429530811813,0.3958011480626389,0.390888708686537,0.38288147877752754,0.010373895185229645,91,0.3946553481168864,0.3667496995882056,0.38396291830138746,0.4028445610494371,0.3797140544495765,0.3855853163010986,0.012426031984314813
20,2.8128469467163084,0.6944803776118681,0.01617426872253418,0.006027195841018605,200,adaptive,3,"{'NN__hidden_layer_sizes': 200, 'NN__learning_rate': 'adaptive', 'rp__n_components': 3}",0.41378012383383544,0.38335947268515186,0.41204880048618314,0.38180787782810705,0.406523398184124,0.3995167000613296,0.014033638021614845,89,0.42579353922697877,0.40491801715299486,0.41077767304261076,0.4032282791868151,0.41094979580214935,0.4111334608823098,0.0079523814459751
21,1.7180350303649903,0.776063891725187,0.011642551422119141,0.0027419464601614652,200,adaptive,4,"{'NN__hidden_layer_sizes': 200, 'NN__learning_rate': 'adaptive', 'rp__n_components': 4}",0.4226821587620486,0.4348005676851309,0.4213475859098235,0.4315976071677025,0.4279573894272246,0.42767158966578417,0.005125468737564626,85,0.4483859928142026,0.437971637261765,0.4699597625443257,0.4725124748418967,0.42918964749394795,0.45160390299122766,0.0171621584953121
22,1.8694632530212403,0.38654707338131933,0.010776948928833009,0.0012934253437647722,200,adaptive,5,"{'NN__hidden_layer_sizes': 200, 'NN__learning_rate': 'adaptive', 'rp__n_components': 5}",0.471551047120505,0.47964275187193467,0.48058484581290917,0.472449885308227,0.4529439623109777,0.47145097243748507,0.009926919468205958,76,0.4836522177459872,0.4957845231952624,0.5006320866430914,0.49621207393748545,0.5000175816442748,0.4952596966332202,0.00612235372653437
23,2.729671812057495,1.2302061258045904,0.01297917366027832,0.005911867606883688,200,adaptive,6,"{'NN__hidden_layer_sizes': 200, 'NN__learning_rate': 'adaptive', 'rp__n_components': 6}",0.5314507245855096,0.5505994586316317,0.5404927593014571,0.5513333781091947,0.5611263743227517,0.5469721065060374,0.010156800066838053,74,0.5910992267251102,0.5920800018980175,0.5764822195829337,0.6006976405917143,0.5754524712279188,0.5871623120051388,0.00973727720172435
24,2.5248221874237062,0.6313675744475749,0.010324621200561523,0.0003388445443539071,200,adaptive,7,"{'NN__hidden_layer_sizes': 200, 'NN__learning_rate': 'adaptive', 'rp__n_components': 7}",0.5620146710657028,0.5840298865513321,0.5692223788177685,0.5550929222252257,0.584932999965566,0.5710471809899287,0.01183302920037167,67,0.6230678179883078,0.6226689551437075,0.607698641588695,0.6405149190698528,0.6118216913362234,0.6211544050253572,0.011392467948268745
25,1.6421027183532715,0.5820926104849562,0.010610437393188477,0.0014266175169016042,200,adaptive,8,"{'NN__hidden_layer_sizes': 200, 'NN__learning_rate': 'adaptive', 'rp__n_components': 8}",0.6068859278119083,0.6466431732824947,0.6434111625917774,0.6333964494864408,0.6598489634183959,0.6379911932895699,0.017740709213951582,61,0.62613676273695,0.676783587811797,0.6794978504876177,0.6881758298023558,0.6826080171308759,0.6706404095939192,0.022572027261266853
26,1.7038699626922607,0.4967033078140741,0.011784553527832031,0.003752962092342062,200,adaptive,9,"{'NN__hidden_layer_sizes': 200, 'NN__learning_rate': 'adaptive', 'rp__n_components': 9}",0.5747537636413345,0.6500174464629317,0.6278467070500198,0.6214937329261251,0.6512524300076487,0.6250066505234868,0.027823824262997777,65,0.6300782113017204,0.6988826895613218,0.6870419939566353,0.6713264471582369,0.6903939571592272,0.6755446598274284,0.024422715716522086
27,2.225217342376709,1.093450809267041,0.010437440872192384,0.0013901811081739116,200,adaptive,10,"{'NN__hidden_layer_sizes': 200, 'NN__learning_rate': 'adaptive', 'rp__n_components': 10}",0.6316996463849062,0.6383438832903663,0.627107116463109,0.6424362843129225,0.6529230591344192,0.6384816463477674,0.008932407606564167,59,0.7396035020233079,0.680280437134608,0.7011169418415096,0.6755202780254927,0.7005868321097046,0.6994215982269245,0.02261183100948833
28,1.5571242332458497,0.4717605845922076,0.010160589218139648,0.00040837453366249037,200,adaptive,15,"{'NN__hidden_layer_sizes': 200, 'NN__learning_rate': 'adaptive', 'rp__n_components': 15}",0.6643343730293186,0.7085148960779641,0.6617603277771408,0.6855110435960287,0.6909509363543334,0.6821929604544295,0.01742972386648032,49,0.7173355415045225,0.7819488568939174,0.7435190133144952,0.7535271735312566,0.7827139489307893,0.7558089068349962,0.0246723566313639
29,1.807086420059204,0.38221020862075056,0.011706018447875976,0.003262074691602894,200,adaptive,20,"{'NN__hidden_layer_sizes': 200, 'NN__learning_rate': 'adaptive', 'rp__n_components': 20}",0.7271111167269391,0.7404720234828944,0.7306533807952823,0.7313167071211916,0.7403938291294567,0.7339795785687767,0.005453916021143903,44,0.8438568910113063,0.8439378611688562,0.7988422202044225,0.8260328958948683,0.8006137153029572,0.8226567167164822,0.01983308972710941
30,2.0719985485076906,0.6222902899014277,0.014800310134887695,0.0035729208345819923,200,adaptive,25,"{'NN__hidden_layer_sizes': 200, 'NN__learning_rate': 'adaptive', 'rp__n_components': 25}",0.7258926781688916,0.7462688026639259,0.7183741983427787,0.7653618937458924,0.7729137629447608,0.7457119311230942,0.02128248792320138,39,0.8226236969431306,0.8697372515377947,0.791264649821827,0.8551916644929797,0.8744768609398995,0.8426588247471264,0.03144985932907224
31,2.943912410736084,0.6147893141539952,0.011321830749511718,0.0005312101501091181,200,adaptive,30,"{'NN__hidden_layer_sizes': 200, 'NN__learning_rate': 'adaptive', 'rp__n_components': 30}",0.7566287135403603,0.7625329634298085,0.744285645211566,0.7524017166814106,0.7702569294124937,0.7572129988347439,0.008812960445259577,36,0.8948389962413911,0.9041639498774714,0.8923066284598338,0.8436862531125171,0.8907576023935906,0.8851506860169607,0.021247643526855122
32,2.2938641548156737,0.25887402712921614,0.016404151916503906,0.008875552044498499,200,adaptive,35,"{'NN__hidden_layer_sizes': 200, 'NN__learning_rate': 'adaptive', 'rp__n_components': 35}",0.759087322682696,0.7692835797531747,0.7556668404685211,0.7826270611290105,0.8020728379207243,0.7737049109865856,0.016974104386442063,26,0.8929353567930591,0.8658501318747973,0.8767231714147289,0.8734711980762405,0.8784477213287588,0.877485515897517,0.00885100560418186
33,1.9440180778503418,0.5037693149657174,0.019514036178588868,0.00595948192012867,200,adaptive,40,"{'NN__hidden_layer_sizes': 200, 'NN__learning_rate': 'adaptive', 'rp__n_components': 40}",0.7698201571199015,0.7838370915256604,0.7781716767044243,0.7677067279738737,0.7935318344622482,0.7785978643089213,0.009440215398136186,20,0.8671450367984415,0.8626842860659416,0.8868584073441372,0.8672302883524637,0.879998589308216,0.87278332157384,0.009108074212213494
34,2.261995267868042,0.7963398148850401,0.018172311782836913,0.004418545687582273,200,adaptive,45,"{'NN__hidden_layer_sizes': 200, 'NN__learning_rate': 'adaptive', 'rp__n_components': 45}",0.7584994043163912,0.7793388214776642,0.7564810605171941,0.7806889744710915,0.801731991006869,0.7753079544252073,0.016606994321552434,23,0.8796059342088157,0.835940120603868,0.9252485031025864,0.849743145414104,0.8935219468428486,0.8768119300344445,0.03173753814838431
35,1.88354172706604,0.5381612012811696,0.017936897277832032,0.00837921437661985,200,adaptive,50,"{'NN__hidden_layer_sizes': 200, 'NN__learning_rate': 'adaptive', 'rp__n_components': 50}",0.7780879062681437,0.8004375026574062,0.7786166813030416,0.7646398159340954,0.796218085024434,0.7835952482500839,0.01308803626724109,14,0.9263173044575281,0.9019478463310204,0.9099206379258281,0.8311232616010893,0.8670258784050183,0.8872669857440968,0.0341041440394634
36,2.34144549369812,0.2243353367769824,0.012975597381591797,0.003451314610691998,200,adaptive,55,"{'NN__hidden_layer_sizes': 200, 'NN__learning_rate': 'adaptive', 'rp__n_components': 55}",0.7709912151337968,0.7916367911024398,0.785866655782228,0.7907049892825657,0.808185672295011,0.7894428688414585,0.011926915949373536,10,0.92401670277634,0.908776094062861,0.9287764623648023,0.9405019405429559,0.9121254968098673,0.9228393393113652,0.011499255499491948
37,2.8686335563659666,0.6867735774271432,0.012398815155029297,0.0033570505272212214,200,adaptive,60,"{'NN__hidden_layer_sizes': 200, 'NN__learning_rate': 'adaptive', 'rp__n_components': 60}",0.7757287984995034,0.7925415161464465,0.7581619655040427,0.79465176981446,0.7951665185856965,0.7832299536885344,0.014448832314057108,15,0.9253056036485777,0.9060422478286808,0.8612194075251328,0.912586822329824,0.9424889698945454,0.9095286102453521,0.027168309776527608
38,2.004734754562378,0.46739229899072793,0.015546560287475586,0.0034047169597318096,400,adaptive,2,"{'NN__hidden_layer_sizes': 400, 'NN__learning_rate': 'adaptive', 'rp__n_components': 2}",0.37164710432438286,0.39184116454303825,0.3760540422710324,0.38433609341257247,0.3652130473909801,0.3778224847373351,0.009368784859587663,94,0.3820123092414898,0.3911227513513026,0.39450371644754867,0.3896732345055723,0.3894994297033394,0.38936228824985053,0.004090750567297283
39,2.049943971633911,0.4302236418796344,0.013272714614868165,0.002558036578141473,400,adaptive,3,"{'NN__hidden_layer_sizes': 400, 'NN__learning_rate': 'adaptive', 'rp__n_components': 3}",0.4157136399755351,0.3823536665470738,0.4344824400472779,0.3888807670051192,0.4217457495008883,0.40863447247934437,0.019851900303807925,86,0.4234744735758239,0.43451589275781166,0.4335283964677942,0.4186409939539316,0.43082544331687916,0.42819704001444814,0.0061462251117756946
40,1.9870776176452636,0.5252759282698483,0.01898164749145508,0.007218816925241574,400,adaptive,4,"{'NN__hidden_layer_sizes': 400, 'NN__learning_rate': 'adaptive', 'rp__n_components': 4}",0.4309441855789,0.44767982494399916,0.42536196729931464,0.39273430002398724,0.4526982864102738,0.429884965709897,0.02113879811637841,84,0.46098164117964086,0.46592346581671895,0.46404297761383984,0.42373113285070696,0.4611784183704297,0.45517152716626724,0.01582811030598267
41,2.0706663131713867,0.46453865640769687,0.016799497604370116,0.002828913264029195,400,adaptive,5,"{'NN__hidden_layer_sizes': 400, 'NN__learning_rate': 'adaptive', 'rp__n_components': 5}",0.4780618402704495,0.46782861565266926,0.4773177064897514,0.45292206560561915,0.4559588766233437,0.46644403688332586,0.010466882190411367,78,0.48566374897168535,0.4915484013783775,0.5002471146919226,0.5115204151470406,0.49682114899144597,0.4971601658360944,0.00871229530010489
42,1.8931211471557616,0.5447123127224046,0.022188901901245117,0.003348589104747123,400,adaptive,6,"{'NN__hidden_layer_sizes': 400, 'NN__learning_rate': 'adaptive', 'rp__n_components': 6}",0.5390900021346728,0.5638702947429677,0.5336254554843307,0.5509526133131729,0.5803613106949275,0.553546459730343,0.01694938271881728,71,0.5922133355621599,0.5854210488426208,0.5516973062014142,0.5885811350622243,0.5928336522203305,0.58214929557775,0.015458570200573908
43,2.0376237869262694,0.30852508291789693,0.023114347457885744,0.009949570678896532,400,adaptive,7,"{'NN__hidden_layer_sizes': 400, 'NN__learning_rate': 'adaptive', 'rp__n_components': 7}",0.5660720781444234,0.6097826451804301,0.5550108130158693,0.5642329444884485,0.5784051364320106,0.5747003268402359,0.01906588832085122,66,0.6108192150758842,0.62333856796112,0.6051039914023822,0.6257534320291724,0.6090921186667009,0.6148214650270519,0.008189281445396818
44,2.4818451404571533,0.6837205614434104,0.018158626556396485,0.004980482845364609,400,adaptive,8,"{'NN__hidden_layer_sizes': 400, 'NN__learning_rate': 'adaptive', 'rp__n_components': 8}",0.6385513816571392,0.6460338390023898,0.6344044172507168,0.6437523250779366,0.6611861044152474,0.6447665403540475,0.00913602496527187,52,0.6987707345519127,0.6962232238638972,0.6909670819179871,0.6893083599329817,0.6817173906547074,0.6913973581842973,0.005931382323696817
45,3.5837032318115236,1.7386585458226544,0.03780241012573242,0.025783925219791993,400,adaptive,9,"{'NN__hidden_layer_sizes': 400, 'NN__learning_rate': 'adaptive', 'rp__n_components': 9}",0.6172255826811021,0.6591219364906217,0.6285308110658172,0.6332848858340291,0.6545030111964456,0.6385048103583872,0.01588827131646881,58,0.6816097042939494,0.693440367472821,0.6966901244931962,0.7006010633382209,0.7257202320589233,0.6996122983314221,0.014514317636737028
46,2.445740842819214,0.742967687949115,0.018100976943969727,0.0036061713766959978,400,adaptive,10,"{'NN__hidden_layer_sizes': 400, 'NN__learning_rate': 'adaptive', 'rp__n_components': 10}",0.6425911151106337,0.6312821537184137,0.6416116031777334,0.6397168913871393,0.6357720630522566,0.6381991970635799,0.004173531193423249,60,0.709288207990818,0.7034086073885706,0.7117743355764692,0.6664541890785741,0.701422639114073,0.698469595829701,0.016444810963218915
47,2.516880512237549,0.46041012150382865,0.017250585556030273,0.002600743730207273,400,adaptive,15,"{'NN__hidden_layer_sizes': 400, 'NN__learning_rate': 'adaptive', 'rp__n_components': 15}",0.6888530893449073,0.696169537830799,0.685503391955297,0.7034992403745508,0.7001764270814838,0.6948266089083219,0.006755108257735575,47,0.7734935910197489,0.7752156741639983,0.8022589021622635,0.787438159507972,0.7679395123880581,0.7812691678484083,0.012275255599450597
48,2.6940706729888917,0.8530090991018064,0.01626477241516113,0.002850545113096425,400,adaptive,20,"{'NN__hidden_layer_sizes': 400, 'NN__learning_rate': 'adaptive', 'rp__n_components': 20}",0.7300831878537711,0.7475384933978221,0.7498706407058354,0.7308846490424342,0.7580607772758844,0.7432679459868796,0.011023105842301265,41,0.8443960846423716,0.8894234499473648,0.8590785580007262,0.8196732174472038,0.7979814676625866,0.8421105555400507,0.03156725285979243
49,3.2560943126678468,0.9117839456985994,0.017952346801757814,0.0033338135598038926,400,adaptive,25,"{'NN__hidden_layer_sizes': 400, 'NN__learning_rate': 'adaptive', 'rp__n_components': 25}",0.7380878358509244,0.7637678924777155,0.7421751729505377,0.7448190267774766,0.7615578168251322,0.7500648832112301,0.010520497933119363,38,0.921248285989947,0.8483150958438823,0.8372498758705668,0.8245429338133309,0.8526184844687632,0.8567949351972979,0.033662399741862574
50,3.966282272338867,0.42289177762023283,0.017940330505371093,0.003760029727315969,400,adaptive,30,"{'NN__hidden_layer_sizes': 400, 'NN__learning_rate': 'adaptive', 'rp__n_components': 30}",0.7705145292331382,0.7595782887532412,0.7702201354741949,0.7727306488122869,0.7873962690459303,0.7720710568272503,0.008904237642021716,28,0.9201835954516648,0.8211947256430739,0.9208413717376415,0.9273812627866453,0.8906221278310819,0.8960446166900216,0.039525850579834536
51,2.5458672046661377,0.7375579175924268,0.022579193115234375,0.00822138592790505,400,adaptive,35,"{'NN__hidden_layer_sizes': 400, 'NN__learning_rate': 'adaptive', 'rp__n_components': 35}",0.7643598448899507,0.7610508784920486,0.7744811198474172,0.8005956137196115,0.8010789694012193,0.7802678450655387,0.017327552865241173,19,0.8577920747589516,0.8734649463827271,0.937137780521997,0.9350930001147145,0.85335003468165,0.8913675672920081,0.03714828721405622
52,2.5271761894226072,0.8146920110488358,0.01948704719543457,0.004286935757300138,400,adaptive,40,"{'NN__hidden_layer_sizes': 400, 'NN__learning_rate': 'adaptive', 'rp__n_components': 40}",0.758834956230872,0.7634551572556234,0.7681720758568262,0.7839110772827587,0.7874679354044687,0.7723355742922785,0.011324717565424598,27,0.8350697062365078,0.8236171939540013,0.8823361776199793,0.9378216541095401,0.8765315779741307,0.8710752619788318,0.0403988334800571
53,2.6440961360931396,1.246706627929544,0.019532155990600587,0.006051356731613418,400,adaptive,45,"{'NN__hidden_layer_sizes': 400, 'NN__learning_rate': 'adaptive', 'rp__n_components': 45}",0.7505647326083782,0.8049725364636525,0.7487734299324552,0.7687510938133577,0.796807927377662,0.7739398751212172,0.023213037632443794,25,0.8489084451369339,0.9474212798709074,0.8426448191430256,0.93302035589187,0.85012650546225,0.8844242811009974,0.045855066892516616
54,2.2742759227752685,0.6096909180317378,0.016914844512939453,0.0033906469971155028,400,adaptive,50,"{'NN__hidden_layer_sizes': 400, 'NN__learning_rate': 'adaptive', 'rp__n_components': 50}",0.7869767456675477,0.7967157464122576,0.7795116073030436,0.7957676601375515,0.8139346198856225,0.7945576688760887,0.01152566214147751,9,0.9306875577418515,0.8896210833129975,0.8681958704725433,0.8768868589235977,0.9284562461288026,0.8987695233159586,0.026066666977445627
55,2.645899248123169,0.6759193631016234,0.014678144454956054,0.0007145200538069994,400,adaptive,55,"{'NN__hidden_layer_sizes': 400, 'NN__learning_rate': 'adaptive', 'rp__n_components': 55}",0.7840377009405262,0.8038618453030153,0.797306485458274,0.7957630822630393,0.8082000413257258,0.7978133665724378,0.008237151050836677,8,0.8796558449076749,0.9188704513759323,0.9627546206801549,0.8814288168480515,0.9309610122293336,0.9147341492082294,0.03138827282836202
56,3.6261691093444823,0.48404300477550694,0.06629858016967774,0.09800111476295971,400,adaptive,60,"{'NN__hidden_layer_sizes': 400, 'NN__learning_rate': 'adaptive', 'rp__n_components': 60}",0.7762491084598698,0.8104424252106442,0.7880069562318243,0.8080089113222351,0.8221690155766728,0.8009318127648531,0.016547514621307834,6,0.968602874270242,0.9624176091248875,0.9638852975075628,0.9739940668121215,0.9484128939943552,0.9634625483418338,0.008545157023052237
57,3.7136286735534667,0.6783614538508381,0.023494815826416014,0.004265195805091254,800,adaptive,2,"{'NN__hidden_layer_sizes': 800, 'NN__learning_rate': 'adaptive', 'rp__n_components': 2}",0.3896442715339751,0.3975057571189478,0.3723174380088809,0.38926804496297684,0.3508978142300736,0.3799600528787142,0.01666413052197685,92,0.3930666881221637,0.39236765108088584,0.39334914458085063,0.4015173962565847,0.354778755272026,0.3870159270625022,0.016461410372992796
58,5.4118232250213625,2.074849807251408,0.022310590744018553,0.0014368146835695046,800,adaptive,3,"{'NN__hidden_layer_sizes': 800, 'NN__learning_rate': 'adaptive', 'rp__n_components': 3}",0.4082680254425969,0.39206871803664467,0.40188692496130285,0.3980568672885694,0.42639527304442104,0.40532122584011404,0.011758371398964622,87,0.42712907209341267,0.4447128614123242,0.3984736638103528,0.42683865602137133,0.4337309223310605,0.42617703513370425,0.015293521287608676
59,4.668486928939819,1.7312228294326015,0.02371978759765625,0.0018034148442418456,800,adaptive,4,"{'NN__hidden_layer_sizes': 800, 'NN__learning_rate': 'adaptive', 'rp__n_components': 4}",0.41609666970206566,0.45494081094687044,0.429138565018422,0.4357227119359554,0.4512418442716557,0.4373993471828507,0.014324907286372913,81,0.4441874571603906,0.4612278402301476,0.46922243685649945,0.4767671734574887,0.4616060418426314,0.4626021899094316,0.010830124272485801
60,3.234951972961426,0.7991369568813176,0.024557733535766603,0.0027565779377744064,800,adaptive,5,"{'NN__hidden_layer_sizes': 800, 'NN__learning_rate': 'adaptive', 'rp__n_components': 5}",0.47075597090307847,0.4673200823499005,0.47951051762074876,0.4607574266687373,0.4510432910473405,0.4658969295382342,0.009562202474254423,79,0.4792098188499486,0.5070210822964847,0.4948218877574226,0.5265072852146152,0.48535942931679116,0.4985839006870525,0.01682436250394666
61,3.889974021911621,1.544228964472776,0.025622224807739256,0.003750065046424173,800,adaptive,6,"{'NN__hidden_layer_sizes': 800, 'NN__learning_rate': 'adaptive', 'rp__n_components': 6}",0.5241523720698457,0.5468970704859855,0.569435745477937,0.5501295021070589,0.5647071222510666,0.5510252954248313,0.01593155305672473,73,0.5760563821054464,0.5528194338797335,0.6022912657041698,0.6012675730055617,0.5947846412215205,0.5854438591832863,0.018835886424424197
62,5.232162189483643,1.9956410866497696,0.023612356185913085,0.004395201876811816,800,adaptive,7,"{'NN__hidden_layer_sizes': 800, 'NN__learning_rate': 'adaptive', 'rp__n_components': 7}",0.5569426933480801,0.5864937417137799,0.5467931556370135,0.5480447150900997,0.5927545319953326,0.5661861960569209,0.01952548350500748,68,0.612957483798257,0.6434420350149531,0.6097404295367376,0.6200083236864056,0.6183143338665812,0.6208925211805869,0.011859539582065377
63,4.147228002548218,1.4469845389430502,0.023651981353759767,0.0033817087050207017,800,adaptive,8,"{'NN__hidden_layer_sizes': 800, 'NN__learning_rate': 'adaptive', 'rp__n_components': 8}",0.6422292572753656,0.628774014319101,0.6342562053430275,0.6265108505309038,0.6540864156774466,0.6371653390244596,0.010031589778059503,62,0.7203078110218697,0.6864719202637973,0.6937686504160675,0.6859715708386679,0.6831355727794813,0.6939311050639767,0.013647667558776819
64,7.3595727443695065,2.6526978907873033,0.02947683334350586,0.010626200161584833,800,adaptive,9,"{'NN__hidden_layer_sizes': 800, 'NN__learning_rate': 'adaptive', 'rp__n_components': 9}",0.6181943062479093,0.6530723072678254,0.6459660971672034,0.6306607268897959,0.6667307337218251,0.6428872423098996,0.016979676033295536,55,0.7068622058793382,0.7357901542753944,0.7413070171877013,0.6730441656658945,0.7179701852211016,0.714994745645886,0.02432951811333861
65,2.6751044273376463,0.34899813283370723,0.02258777618408203,0.00317684677157269,800,adaptive,10,"{'NN__hidden_layer_sizes': 800, 'NN__learning_rate': 'adaptive', 'rp__n_components': 10}",0.6413687582401583,0.6335748608990519,0.6517032966114944,0.6708579957322643,0.6333366298282233,0.6461612380869981,0.014034688106849267,51,0.6895352968960481,0.7126726853005417,0.67397192876076,0.701833703089596,0.6785776430389258,0.6913182514171743,0.014373472153428225
66,3.4207396030426027,1.179668209538374,0.02441439628601074,0.00471463406153322,800,adaptive,15,"{'NN__hidden_layer_sizes': 800, 'NN__learning_rate': 'adaptive', 'rp__n_components': 15}",0.7068128892731343,0.7038683542707759,0.7045024510156115,0.6742772167653536,0.6921555210985221,0.6963479306240083,0.012139288692049425,46,0.8243684695279624,0.7680840990985751,0.7381073072556521,0.766973665550766,0.7585449410170837,0.7712156964900079,0.028669609318175446
67,4.2837056636810305,1.4659169127796532,0.02194375991821289,0.0009393877836025796,800,adaptive,20,"{'NN__hidden_layer_sizes': 800, 'NN__learning_rate': 'adaptive', 'rp__n_components': 20}",0.7468208461776206,0.7468019333765457,0.7338752928967285,0.7343850778651024,0.757980881407759,0.743968768075956,0.009003185200103583,40,0.8718123129633729,0.8619397756513603,0.8499305067130742,0.8607749272505678,0.7887652005870164,0.8466445446330783,0.029758509309238658
68,4.086309957504272,1.058229326412705,0.027956199645996094,0.0037742025231431776,800,adaptive,25,"{'NN__hidden_layer_sizes': 800, 'NN__learning_rate': 'adaptive', 'rp__n_components': 25}",0.7577836174712009,0.7728314941052571,0.7272949981462127,0.7777729176270688,0.7771262188348527,0.7625409714554628,0.019049563160087973,32,0.8750744194667134,0.9046612843611588,0.8184501557193492,0.894876677784961,0.8581937651031785,0.8702512604870721,0.030471171400989813
69,4.769748258590698,1.6789134627633238,0.028968286514282227,0.007738188148094761,800,adaptive,30,"{'NN__hidden_layer_sizes': 800, 'NN__learning_rate': 'adaptive', 'rp__n_components': 30}",0.7690864478858502,0.7726188872087316,0.7671400928956369,0.7610603964720057,0.7747284844103239,0.7689262528757449,0.0047358110216789255,29,0.8704646194548303,0.9464116404930158,0.9485198487209245,0.8615129530001935,0.8465972509246432,0.8947012625187215,0.04375677798512053
70,5.037006616592407,1.9413699407718992,0.025295734405517578,0.004439262449118645,800,adaptive,35,"{'NN__hidden_layer_sizes': 800, 'NN__learning_rate': 'adaptive', 'rp__n_components': 35}",0.7751760328917295,0.7668628041350383,0.7733265341240961,0.7888024795622263,0.8108606791390133,0.7829693172546887,0.015635997529810385,16,0.905085736658417,0.9667029089216351,0.9440808869923474,0.9104627369114724,0.9160362450548084,0.9284737029077361,0.02337151517016083
71,4.569889259338379,1.7460454848461868,0.03143291473388672,0.006684372425061912,800,adaptive,40,"{'NN__hidden_layer_sizes': 800, 'NN__learning_rate': 'adaptive', 'rp__n_components': 40}",0.7774673774023596,0.7773229161604269,0.7834016331783117,0.7711877114105946,0.8043869886494904,0.782733883814472,0.011468367028199674,17,0.8572132433797925,0.9173745822711237,0.9491190169540294,0.8300542964804561,0.8741691187710049,0.8855860515712815,0.04258189004044964
72,5.363389015197754,1.064144837650939,0.030502462387084962,0.006340890665173422,800,adaptive,45,"{'NN__hidden_layer_sizes': 800, 'NN__learning_rate': 'adaptive', 'rp__n_components': 45}",0.7662481083598598,0.7959959534137584,0.768471164333219,0.7812676827941849,0.8106901374798442,0.7844982706189704,0.016838032679573272,13,0.9274839895779883,0.9662499182487609,0.9405561347023297,0.9175567135987478,0.9474056507235517,0.9398504813702757,0.016759779227557708
73,6.619216012954712,1.8811821828096313,0.04206252098083496,0.010134374677435961,800,adaptive,50,"{'NN__hidden_layer_sizes': 800, 'NN__learning_rate': 'adaptive', 'rp__n_components': 50}",0.7893876080961901,0.7974181384787202,0.7880753886787192,0.8102689409466795,0.8055065576916481,0.7981112843429423,0.008713951522514916,7,0.9413203464214022,0.8673734516953225,0.961661086453732,0.9680013096644552,0.9640162753566094,0.9404744939183042,0.037696924548872336
74,6.780396842956543,3.1702246315546834,0.04487595558166504,0.032379216270473576,800,adaptive,55,"{'NN__hidden_layer_sizes': 800, 'NN__learning_rate': 'adaptive', 'rp__n_components': 55}",0.7852021414029975,0.8072013697277127,0.7956154070522745,0.7948639142300378,0.824388317493698,0.801422787323856,0.01341489757365512,5,0.9013192911453842,0.9674367675239224,0.8725928776444408,0.9346826546731701,0.9801633131339765,0.9312389808241788,0.0401255085753233
75,4.817333221435547,1.4061944627950165,0.040453338623046876,0.02708268600733262,800,adaptive,60,"{'NN__hidden_layer_sizes': 800, 'NN__learning_rate': 'adaptive', 'rp__n_components': 60}",0.7929228131630885,0.7942453384285387,0.7889821656933813,0.8077430750891884,0.8308846404719472,0.8029188381390611,0.015310696865299447,4,0.9694506154454908,0.9148815262864496,0.9172041334574023,0.9410645638857827,0.9279876466664077,0.9341176971483067,0.019951694153265344
76,4.077886343002319,0.7518633618087173,0.04430723190307617,0.01902950235535988,1600,adaptive,2,"{'NN__hidden_layer_sizes': 1600, 'NN__learning_rate': 'adaptive', 'rp__n_components': 2}",0.36785233743817464,0.3895085368357733,0.3743861891230732,0.3500308289240419,0.3835623611324267,0.3730669198991977,0.013703699273000412,95,0.3797581951030587,0.38842328672145354,0.38813843852289354,0.36065255924685086,0.38540238280528255,0.3804749724799078,0.0103887017454444
77,5.654203462600708,3.0050905084888226,0.033972740173339844,0.001066755297580922,1600,adaptive,3,"{'NN__hidden_layer_sizes': 1600, 'NN__learning_rate': 'adaptive', 'rp__n_components': 3}",0.393617657883358,0.3698364982198472,0.4331289055732862,0.3762908791831892,0.43423310237541207,0.40139047203880807,0.027450544323006826,88,0.3966292647403001,0.39475010863140547,0.4339251948641959,0.40946629815196417,0.43175999790702446,0.413306172858978,0.016750397900573907
78,5.4700123310089115,1.1501225053280166,0.041372060775756836,0.0066516874467122625,1600,adaptive,4,"{'NN__hidden_layer_sizes': 1600, 'NN__learning_rate': 'adaptive', 'rp__n_components': 4}",0.40910836174646203,0.4578500562714235,0.40286416179158596,0.4357577016936099,0.45215495134108546,0.4315109764986807,0.022189929468259303,83,0.45129573725182315,0.4496916165981236,0.4365091477673225,0.46952751845241897,0.45248351991889757,0.4519015079977172,0.010518462949333106
79,7.492506790161133,2.908559793088395,0.048104715347290036,0.012984019335785317,1600,adaptive,5,"{'NN__hidden_layer_sizes': 1600, 'NN__learning_rate': 'adaptive', 'rp__n_components': 5}",0.48792260678140636,0.47006749260656916,0.47242988634876354,0.4591939293311385,0.44443656388351155,0.46685367669075073,0.014468073016400223,77,0.5193298940704397,0.49737118307657463,0.5175751086238028,0.526402872264492,0.49659607456476546,0.511455026520015,0.012182365415979514
80,6.3794127941131595,1.1348541627026416,0.0387174129486084,0.00682702763535035,1600,adaptive,6,"{'NN__hidden_layer_sizes': 1600, 'NN__learning_rate': 'adaptive', 'rp__n_components': 6}",0.5491778119465819,0.5500758368736431,0.5540994365429242,0.5441442732477302,0.5642235728263413,0.5523341418096495,0.006722400094772366,72,0.6205977147659534,0.5960243522108879,0.6126497558186764,0.6024273812789025,0.577664417869976,0.6018727243888793,0.014746680148233236
81,6.327594518661499,1.8242987041240026,0.03872160911560059,0.006263180000763835,1600,adaptive,7,"{'NN__hidden_layer_sizes': 1600, 'NN__learning_rate': 'adaptive', 'rp__n_components': 7}",0.5628701144297366,0.58782116939972,0.5329932011698445,0.5399191366707985,0.5903124461145919,0.5627752714515808,0.0236281845509675,70,0.6481761893744785,0.6316886339503688,0.568035006476906,0.6159377227851347,0.6108413285795317,0.614935776233284,0.026844120062721567
82,5.55928373336792,2.2202638770654475,0.04096102714538574,0.006268661271875131,1600,adaptive,8,"{'NN__hidden_layer_sizes': 1600, 'NN__learning_rate': 'adaptive', 'rp__n_components': 8}",0.6388974834969787,0.6397604451461683,0.628079589526865,0.6425478728207141,0.657327826470929,0.6413062844741894,0.009384561073882946,56,0.7185626238030955,0.6666691834892015,0.6833674221490462,0.7267303304495635,0.6684687750944022,0.6927596669970618,0.025214176876205495
83,7.8103538990020756,3.842322976810773,0.04577727317810058,0.007549995340958276,1600,adaptive,9,"{'NN__hidden_layer_sizes': 1600, 'NN__learning_rate': 'adaptive', 'rp__n_components': 9}",0.6305869160287382,0.6450714476047611,0.6181719915781614,0.6483897088166667,0.6583785828796838,0.6400927318874382,0.014126996961875861,57,0.7746054215388885,0.6970821411908463,0.6697004136469165,0.6972640192856007,0.7139556615298758,0.7105215314384256,0.03504648546245543
84,6.7441826343536375,1.0762950598364898,0.04482583999633789,0.008723926951818308,1600,adaptive,10,"{'NN__hidden_layer_sizes': 1600, 'NN__learning_rate': 'adaptive', 'rp__n_components': 10}",0.6462015492402498,0.6309089488320876,0.6246789300659455,0.6561687036651244,0.6582715587226927,0.6432288958711,0.013396820363894665,54,0.7085281379541972,0.736237240481895,0.7024663037045032,0.7260996763723544,0.7527893809154466,0.7252241478856792,0.018322516475942976
85,6.384830951690674,1.5884566271408738,0.043274879455566406,0.009102052895455218,1600,adaptive,15,"{'NN__hidden_layer_sizes': 1600, 'NN__learning_rate': 'adaptive', 'rp__n_components': 15}",0.692141265278096,0.7094294522179768,0.6927524323858719,0.6865584190465529,0.6884677436637674,0.6938786682257716,0.008111859377990168,48,0.8004889638210967,0.7742233734156863,0.7544135286362087,0.7609819282494126,0.7906088510985225,0.7761433290441853,0.01736490593375567
86,7.386325073242188,1.3767915030649347,0.07491917610168457,0.03630856802530583,1600,adaptive,20,"{'NN__hidden_layer_sizes': 1600, 'NN__learning_rate': 'adaptive', 'rp__n_components': 20}",0.7432231282351749,0.737404874998906,0.7317451424135748,0.7407266167606492,0.745131321064957,0.7396444905718755,0.004721095686250717,42,0.8476720125634997,0.8386184270623535,0.8437146940358838,0.8832943208257601,0.8244578164838204,0.8475514541942635,0.01952128507199725
87,10.671296882629395,2.0450949958248112,0.04937911033630371,0.010873329418293014,1600,adaptive,25,"{'NN__hidden_layer_sizes': 1600, 'NN__learning_rate': 'adaptive', 'rp__n_components': 25}",0.7589398517610041,0.7722489722185105,0.7554623332786319,0.7810201276100917,0.7757261514499049,0.7686594879513844,0.009840968160450965,31,0.9315334048063022,0.960192989046591,0.9145816072462953,0.945153413533416,0.9050597341024231,0.9313042297470056,0.01997414569670867
88,8.638915824890137,3.016332171683808,0.05012869834899902,0.02839853085946777,1600,adaptive,30,"{'NN__hidden_layer_sizes': 1600, 'NN__learning_rate': 'adaptive', 'rp__n_components': 30}",0.7580123659437671,0.7648810591956232,0.7593670504752419,0.7712115264530327,0.7901076171639547,0.7686857380029266,0.011655220589866387,30,0.8685905631568069,0.8659514442938016,0.9532799825011048,0.9530217748456896,0.8838524141067569,0.9049392357808319,0.039836381088839086
89,6.336028432846069,1.234754267040318,0.04611129760742187,0.009315603556347989,1600,adaptive,35,"{'NN__hidden_layer_sizes': 1600, 'NN__learning_rate': 'adaptive', 'rp__n_components': 35}",0.7854978804526647,0.7743555350485046,0.7814996649020179,0.7883326503544968,0.8076063284406124,0.7874369331300349,0.011102005280603355,11,0.9088997961616341,0.9436859978514218,0.8538437468080532,0.9422695750246892,0.8936651559906599,0.9084728543672916,0.03342446231267156
90,9.683459281921387,3.635651671934749,0.0454556941986084,0.008323497617744157,1600,adaptive,40,"{'NN__hidden_layer_sizes': 1600, 'NN__learning_rate': 'adaptive', 'rp__n_components': 40}",0.770968443499318,0.766487387844825,0.7838970071229113,0.7592205454589492,0.8096828636533833,0.778023526466859,0.01771325677782321,21,0.9363353054505275,0.9654891503990365,0.9066417236247334,0.8270071158761356,0.9531494495172766,0.9177245489735419,0.049467610959111605
91,8.24675178527832,2.123976013209206,0.03754944801330566,0.001211066461556505,1600,adaptive,45,"{'NN__hidden_layer_sizes': 1600, 'NN__learning_rate': 'adaptive', 'rp__n_components': 45}",0.762878738235745,0.7925032174544857,0.7740445174979335,0.7858074350468988,0.8179447205336071,0.7865874610917757,0.018639743949729067,12,0.8822839556184305,0.9250440936827299,0.9076841416797207,0.9041022367095584,0.9443926072491607,0.91270140698792,0.020885469194196607
92,8.851817178726197,2.344974099390562,0.05516505241394043,0.028069205795047108,1600,adaptive,50,"{'NN__hidden_layer_sizes': 1600, 'NN__learning_rate': 'adaptive', 'rp__n_components': 50}",0.8007980909080159,0.7976741276470625,0.7951953030496163,0.8119588169428407,0.824162369125326,0.8059334757124907,0.010744937646947351,2,0.8906144118045279,0.9443184530067792,0.9566198939426412,0.9160207182008424,0.9337739795572427,0.9282694913024067,0.023063179950235112
93,9.07740397453308,4.039094376335789,0.07337236404418945,0.05486931551380794,1600,adaptive,55,"{'NN__hidden_layer_sizes': 1600, 'NN__learning_rate': 'adaptive', 'rp__n_components': 55}",0.7977532541365563,0.809478672759841,0.8170803134134406,0.7885608447818543,0.8265085459747423,0.8078589974520582,0.013478505078525516,1,0.9337795630833144,0.9144904077084217,0.9219871280089803,0.9211834118203676,0.9706572659562467,0.9324195553154662,0.020102303003583514
94,10.378851127624511,3.7520353418394525,0.04282898902893066,0.005825004288659635,1600,adaptive,60,"{'NN__hidden_layer_sizes': 1600, 'NN__learning_rate': 'adaptive', 'rp__n_components': 60}",0.7914366007120563,0.8152383253231362,0.7819184944546869,0.8060274759390587,0.8233266488268314,0.8035623783943575,0.015151273977692368,3,0.9629947331985228,0.9220005817387057,0.9225289378502314,0.9832142681214078,0.9480433825125342,0.9477563806842803,0.02361921501731932
